LongitudCorreo,NumeroLinks,NumeroAdjuntos,PorcentajeMayusculas,NumeroPalabras,NumeroPalabrasSpam,TieneHTML,HoraEnvio,RemitenteConocido,PaisOrigen,Etiqueta
1874,9,2,30.023991639235607,290,15,1,11,1,IN,spam
779,12,3,29.982429365429653,32,26,1,18,1,CO,spam
865,9,1,49.74544348779839,405,23,0,15,0,RU,spam
598,2,2,18.31123160585481,273,22,0,17,1,BR,ham
1713,0,3,40.94923576242508,252,10,1,15,1,DE,spam
1062,3,1,11.582321014385899,252,5,1,5,0,US,ham
772,1,4,47.302718565542015,301,26,1,9,1,IN,spam
543,0,2,36.496307589071165,189,3,1,0,0,US,spam
676,0,4,40.84357214942697,193,20,1,0,1,BR,spam
1475,8,2,28.77470096367894,176,7,0,11,0,US,ham
341,1,4,8.062743592196615,88,29,0,6,0,RU,spam
1848,13,3,37.46391675898399,46,22,1,9,0,CO,spam
334,2,1,1.7796391748912288,15,10,0,21,1,BR,ham
1296,10,4,38.99797967772493,466,25,1,20,0,BR,spam
772,1,2,37.07716720957907,90,28,0,18,1,US,ham
61,10,3,11.666412007504906,138,10,1,0,1,DE,spam
1212,5,0,8.887287472590156,402,17,0,2,1,IN,ham
1401,3,4,1.846198638299107,352,26,1,2,1,BR,spam
1851,5,1,30.02891166694169,43,20,1,13,1,BR,spam
600,1,4,22.17961714445517,169,24,1,1,0,BR,spam
913,2,3,49.22210525199533,373,10,0,14,0,DE,spam
530,12,3,33.927041396961236,197,25,1,8,0,RU,spam
170,6,2,19.802196747119343,107,14,0,17,1,BR,ham
1583,11,0,38.04599014677565,68,8,0,8,0,CN,spam
1741,12,1,34.11787090165236,113,3,0,9,1,CO,ham
437,9,1,3.6858930386693576,406,15,1,4,1,BR,spam
765,4,1,7.38406802035616,175,12,0,15,1,IN,ham
1702,3,3,3.1940389125456656,53,7,0,22,1,CN,ham
1169,12,2,1.257107845990163,466,1,1,2,1,IN,ham
1298,11,4,18.521271108466696,496,4,1,20,0,CO,spam
907,2,0,24.924685333370522,180,13,0,20,0,IN,ham
1990,10,2,42.58317394420906,284,21,1,23,0,CN,spam
1567,13,2,7.68938195624086,404,29,1,23,1,IN,spam
977,14,4,39.64947274640572,374,23,1,4,1,CN,spam
1026,11,0,6.979860596474391,133,6,1,12,1,DE,ham
1205,8,3,37.66898568555877,291,29,1,15,1,CN,spam
1861,5,1,0.01619764650956368,23,29,1,0,0,CN,spam
1053,7,3,21.78821734605499,130,17,1,3,0,US,spam
738,10,4,44.908995944466604,288,27,0,23,1,RU,spam
1706,4,4,28.818424170281816,344,24,1,0,0,BR,spam
21,8,4,2.6531571830355984,478,3,0,0,1,RU,ham
1172,10,1,19.792982827526235,335,10,1,17,0,CO,spam
740,7,1,29.963953864405852,60,2,1,16,1,IN,ham
1606,1,0,32.84099938185555,249,8,1,13,1,CN,ham
842,2,3,34.785148707339694,19,0,1,2,1,BR,spam
259,7,2,10.24373165979378,483,17,1,15,0,CO,spam
1794,3,3,29.15903194195561,164,0,0,23,1,RU,ham
30,14,2,39.425235817563085,65,9,0,10,1,BR,ham
1698,8,2,1.39793652716671,426,25,1,12,0,US,spam
711,14,3,11.288453537139448,119,11,1,11,1,BR,spam
1532,4,4,10.788376504017716,436,4,1,14,0,CN,spam
115,13,1,35.918777036479426,123,11,1,2,0,BR,spam
636,14,1,46.17030196118712,122,19,0,20,1,US,spam
1796,9,4,36.924701058749775,327,22,1,13,0,CN,spam
1185,9,0,32.05191960967974,314,0,0,8,1,CN,ham
522,10,4,20.10250574162274,401,2,0,4,1,US,ham
1998,6,0,30.11574935855154,161,15,1,4,1,CN,spam
324,8,2,35.2015289164745,73,9,1,23,0,RU,spam
1314,0,1,7.6599431520388395,412,9,1,0,1,CO,ham
1745,0,1,5.6974807142470105,126,0,1,5,1,CN,ham
76,9,2,45.798197236768736,116,5,0,6,0,CO,spam
332,12,1,33.15012587307282,195,7,0,18,1,US,ham
1180,11,4,2.238393466661176,318,29,0,14,1,BR,spam
1497,12,4,19.669685791634357,220,16,0,4,1,BR,spam
1155,6,3,33.0363340070422,197,4,1,4,0,CN,spam
1446,4,0,44.687695120559596,409,23,0,10,1,DE,ham
586,2,2,16.763773346883386,327,18,0,9,1,CN,ham
820,6,1,44.20045070571558,72,12,1,22,0,CO,spam
1617,1,3,36.961693136806275,264,26,1,3,0,BR,spam
335,2,1,21.470373691994247,265,20,0,18,0,US,ham
168,8,0,10.804299224320824,60,12,1,14,0,DE,spam
1603,9,3,4.546246451641944,258,10,0,16,0,CO,spam
192,7,0,32.931801795448315,341,28,1,7,0,DE,spam
159,5,2,29.9844874897924,319,12,0,9,1,US,ham
312,11,0,0.28360002337353696,182,10,0,11,1,CN,ham
643,14,1,49.180917958864484,120,6,1,19,0,BR,spam
1480,12,0,9.374821834654224,405,17,0,6,0,IN,spam
1947,13,1,9.418426959024362,468,7,1,22,0,IN,spam
452,6,2,12.672459031302102,260,8,1,4,0,CN,spam
1433,10,1,28.674485883811187,51,22,0,19,1,IN,ham
531,13,4,21.855540072674824,339,21,0,10,0,DE,spam
468,7,1,46.36542395474191,480,14,1,10,1,IN,spam
1174,4,2,37.620430055260904,405,19,0,16,1,US,ham
52,2,2,42.05082310049888,184,6,1,21,0,CN,spam
1961,3,1,5.364205672622541,317,24,1,12,0,CO,spam
148,6,2,1.2121695141493527,437,18,0,14,0,DE,spam
283,13,2,8.96300198989864,248,26,1,2,1,CO,spam
1595,8,0,39.651539059522875,320,11,0,17,0,IN,spam
1865,9,4,49.883551151354375,343,12,1,2,1,BR,spam
1363,14,0,10.755254894376181,260,27,0,7,0,US,spam
577,3,3,5.843263966310397,34,21,1,19,1,BR,spam
1162,11,1,46.759735867760384,339,29,0,11,0,IN,spam
397,12,2,17.934618687321752,191,23,1,20,0,IN,spam
762,3,1,26.53339666557406,10,29,1,7,1,BR,ham
1972,3,2,47.96903869875226,67,2,1,8,1,IN,ham
1429,9,4,19.219136857905482,468,8,1,10,0,DE,spam
622,14,2,40.645015330370995,101,2,0,13,1,DE,ham
627,2,1,14.340374527734607,87,7,0,13,1,IN,ham
1019,10,0,17.85531935181276,446,9,0,1,0,RU,ham
1270,7,0,10.481612085328473,407,23,0,13,0,RU,spam
142,14,3,46.6360663507495,238,22,1,22,1,DE,spam
703,14,1,2.9817451646440176,252,29,1,22,1,BR,spam
1023,13,0,45.76407558116989,202,16,0,20,0,CN,spam
1695,3,1,31.675459781051224,269,27,1,3,1,US,spam
1012,0,1,40.84572748597158,440,10,0,2,0,CN,ham
1676,3,1,4.325843854865985,319,12,0,7,0,RU,ham
420,12,4,8.714930246882691,271,25,0,14,0,CO,spam
1616,0,3,37.215276720605196,321,18,1,15,0,US,spam
461,9,2,36.24377264463996,233,1,1,19,1,RU,spam
82,5,3,39.77617040616976,86,19,0,20,1,CN,spam
1637,7,1,29.678259293816673,132,15,0,0,0,US,spam
702,8,0,45.008093018965525,428,3,0,22,0,CN,spam
249,13,1,26.426567743948524,147,20,1,8,0,BR,spam
350,6,3,14.845529571767557,33,25,1,9,1,IN,spam
430,4,1,23.776119832638525,108,8,1,9,1,US,ham
724,4,2,3.5039380404532636,307,8,0,19,0,CO,ham
1297,4,1,25.812083557824305,495,1,0,0,0,RU,ham
243,14,1,34.102393038959924,280,14,1,15,1,RU,spam
1992,13,2,29.110966434319224,258,20,0,1,1,CO,ham
835,10,0,1.9351409799924946,330,16,1,5,1,IN,spam
357,9,4,19.519699721718574,309,0,1,9,1,IN,spam
1057,12,0,41.49687487575506,116,8,0,19,0,RU,spam
1773,6,1,36.82781977944404,165,27,1,12,1,DE,spam
1611,13,4,12.880837978978333,105,24,0,22,0,US,spam
1782,5,3,3.8561353371163785,158,10,1,7,0,CO,spam
780,2,0,24.55347431638098,426,11,1,19,0,CN,spam
1827,6,0,45.84234776636533,254,4,1,16,1,BR,spam
248,1,4,10.695656043746931,245,16,1,9,1,DE,spam
809,3,1,33.247990213195905,469,24,0,2,0,US,spam
648,7,2,23.160668593077578,454,3,0,13,1,CN,ham
361,7,0,10.069887682120942,95,0,1,9,1,CO,ham
1451,3,3,35.310667094650015,351,20,0,16,1,US,spam
863,9,4,28.89087409421627,39,5,1,3,0,RU,spam
1159,10,3,7.4515027762662,170,11,1,0,0,RU,spam
1471,2,2,44.926776053416525,57,9,1,0,1,CO,ham
1481,11,0,16.657736220193662,70,4,1,2,1,CN,ham
709,9,3,1.2172747711755694,277,17,1,9,0,CN,spam
312,3,1,0.7491605067874163,174,13,1,11,0,IN,spam
587,14,2,24.847400232632033,399,17,1,5,0,US,spam
530,7,0,23.597679732727283,185,20,1,17,0,DE,spam
265,8,4,9.28173559371001,285,26,1,15,0,DE,spam
40,2,2,47.52274532615213,252,23,0,8,1,BR,ham
1820,11,2,21.487819235345157,242,13,0,0,1,BR,ham
664,10,1,10.716696475533084,372,3,1,15,0,DE,spam
1232,11,0,26.256922472616544,270,21,1,13,0,BR,spam
1724,5,0,23.482367660195454,58,11,1,3,1,CO,ham
429,0,0,24.129598292121692,280,14,0,14,1,US,ham
880,3,3,36.95167033102462,416,19,1,16,1,BR,spam
1196,2,1,8.815678469400739,288,12,0,7,0,IN,ham
63,14,2,22.840320591270846,475,24,1,19,1,US,spam
1502,11,0,46.02668281314051,123,29,1,2,0,CO,spam
868,6,1,38.849935042780245,346,24,1,2,0,BR,spam
626,9,4,38.59629941708026,76,13,1,21,1,BR,spam
1643,13,1,34.91788874386002,163,14,1,17,0,IN,spam
946,1,1,23.51425642123513,299,28,1,3,1,CO,ham
1545,14,1,21.759075400133266,397,0,1,20,0,RU,spam
784,4,2,41.83268116662625,284,9,0,11,0,US,ham
773,3,3,43.15048623282386,281,5,0,17,1,DE,ham
31,12,0,25.97496592914891,370,4,1,8,0,CN,spam
1658,2,3,16.947173703628636,167,9,1,21,1,CN,ham
361,4,3,18.335214497439225,326,14,1,2,0,IN,spam
619,9,0,17.752740114898035,10,2,1,0,0,DE,spam
829,14,4,13.534166991951308,183,16,1,5,1,RU,spam
1428,9,2,43.742712449123786,345,19,0,6,0,BR,spam
322,12,2,31.919586983224157,473,19,1,17,1,RU,spam
1569,10,0,36.230094666140396,145,18,0,8,1,DE,spam
458,13,3,10.657484332359301,470,0,0,5,1,CO,ham
372,5,3,23.234906205836825,430,15,0,2,0,IN,spam
22,11,0,45.03729727846648,228,23,1,0,0,CN,spam
288,14,4,14.011360750161378,205,24,0,13,0,IN,spam
795,7,4,26.346768381425395,375,23,0,19,0,BR,spam
1326,4,1,15.928122850439502,34,6,0,7,1,RU,ham
106,6,0,11.629235726714121,477,29,1,11,0,DE,spam
1577,3,1,0.41330162322370523,89,2,0,9,1,DE,ham
145,5,2,25.16190373911551,430,27,0,10,1,CO,ham
927,14,4,43.97655581116113,358,29,0,23,0,CN,spam
1323,14,0,31.342350154929065,193,24,1,21,0,DE,spam
1711,9,4,9.63908756706296,480,23,1,12,0,CO,spam
1156,13,0,2.12555647894877,471,28,1,15,0,CO,spam
161,14,3,36.52103080286127,203,29,1,9,0,CO,spam
106,2,2,4.685677276513184,422,4,1,10,0,CN,ham
1294,11,4,18.329843355717085,208,11,0,0,0,DE,spam
818,10,0,13.784012239165833,61,19,1,23,1,CO,spam
672,0,3,33.96419800825098,290,0,1,18,1,IN,spam
93,6,0,47.002977694046706,130,3,0,1,1,IN,ham
1266,10,4,28.16693607601339,289,11,1,15,1,IN,spam
1033,8,4,5.570414902357812,371,13,0,1,1,CO,spam
1841,1,3,38.3017063593805,192,17,0,19,0,RU,spam
166,11,1,33.43644435879322,178,21,1,2,0,CN,spam
1991,13,0,48.801938158045644,474,27,0,3,0,BR,spam
1889,14,3,17.178997737801392,374,6,0,13,1,RU,ham
1744,1,4,28.15899472812425,13,20,0,20,0,RU,spam
149,14,0,44.69286086948496,458,22,0,19,1,DE,spam
1097,12,3,30.817011665487577,412,11,1,1,1,CO,spam
1680,8,0,4.344062318072961,484,4,0,9,0,IN,ham
615,6,2,14.729434006327018,24,29,0,14,1,CN,ham
426,1,3,47.806475181729596,348,27,1,15,0,DE,spam
1639,3,4,35.83213904303143,461,29,0,18,0,DE,spam
761,14,0,29.835140795686243,340,17,0,21,0,CN,spam
298,11,4,35.385163542451295,262,13,0,4,1,US,spam
266,12,0,25.777784123497664,337,17,0,20,1,BR,ham
1720,0,2,7.087003301859501,232,6,0,19,0,US,ham
883,0,0,3.9095240987517768,41,2,1,8,0,US,ham
1050,12,1,27.523304459946978,447,28,1,0,1,BR,spam
1007,5,0,39.22239847682602,218,11,1,17,0,DE,spam
1885,1,2,40.93223019702939,407,27,1,6,0,DE,spam
723,0,4,20.527766254078607,403,21,1,2,1,RU,spam
1900,13,4,24.477411725252864,134,18,1,9,0,CO,spam
580,1,3,47.294152126407546,328,28,0,20,1,DE,spam
72,8,3,37.9185154112587,459,29,0,17,1,CO,spam
174,7,2,39.32179249787466,470,12,0,18,0,US,spam
1823,5,1,29.794211365530394,233,2,0,14,0,IN,ham
384,14,3,25.526742292794896,45,6,1,16,1,CO,spam
931,2,3,17.642302024844174,279,10,0,14,1,CO,ham
576,5,4,46.72643148505758,392,3,0,5,1,RU,ham
1032,9,3,6.63980915188474,199,3,0,4,1,CN,ham
1210,8,0,6.987295464284932,64,15,1,18,1,BR,spam
539,0,0,16.42670392633298,194,16,0,8,0,RU,ham
1511,9,2,34.1795764563238,374,21,1,6,1,IN,spam
1235,9,0,2.2372283205393084,378,10,1,13,0,DE,spam
1446,13,4,0.9944455699484878,417,29,1,14,0,IN,spam
256,7,4,46.33887351517085,249,10,0,5,1,RU,spam
801,5,3,29.35347831136505,328,9,0,20,0,DE,ham
322,3,4,30.81280413138242,198,22,1,1,1,RU,spam
1233,11,3,34.091600561949534,193,6,0,8,1,US,spam
507,9,0,8.03943318146842,93,9,1,11,1,CN,ham
1433,11,4,37.74004169586307,272,17,0,1,0,CO,spam
1824,8,3,38.16421516497035,290,27,1,23,0,US,spam
1259,6,1,43.52550078931159,42,20,0,7,0,BR,spam
1622,0,0,21.641447918810673,121,29,0,19,1,US,ham
771,1,2,35.10854897852129,401,19,0,3,0,CO,spam
1027,12,1,40.161761455416524,474,9,1,15,0,CO,spam
1278,1,3,41.27615622198572,395,26,0,12,1,BR,spam
1281,13,4,48.32899486348436,331,17,0,19,1,CO,spam
453,9,1,36.367015827656786,221,2,1,10,1,DE,spam
291,0,1,4.632874252882091,192,16,0,10,1,RU,ham
1702,7,2,17.560479505559,100,16,1,18,0,BR,spam
1914,6,1,14.490009235338219,495,24,1,18,0,RU,spam
1877,3,4,28.63759393021745,179,12,1,7,1,BR,spam
730,10,2,1.3044874397314388,167,28,1,13,1,DE,spam
773,0,0,25.128283986713473,53,10,0,5,1,US,ham
1541,7,0,23.659080262171894,499,1,1,17,1,BR,ham
1681,0,2,9.234812289269668,413,21,1,19,1,RU,ham
330,3,0,35.0580296158238,101,22,0,16,1,CO,ham
693,14,4,48.17173363212202,133,5,0,16,0,DE,spam
1042,0,0,25.955834206847328,232,26,1,7,1,US,ham
1431,14,0,17.485367453056995,72,23,0,11,1,IN,ham
1733,14,4,17.113038419094075,497,5,0,17,0,RU,spam
1469,10,3,2.4196123055365226,59,9,1,23,1,RU,spam
1284,10,0,26.984501403484572,407,1,1,10,0,CN,spam
1269,6,0,27.90572653343587,427,21,0,14,1,RU,ham
570,12,4,48.76749164637,267,2,1,3,1,CO,spam
294,9,0,44.54462489277293,174,12,0,9,0,CO,spam
1313,11,1,42.27016043863842,25,14,1,15,0,IN,spam
1041,7,2,36.75239146076038,101,2,1,17,0,DE,spam
1801,13,3,35.00273485105368,368,14,1,7,1,CN,spam
214,13,0,42.448515268475944,494,10,1,11,0,DE,spam
884,5,4,44.419723732575825,285,12,1,10,0,BR,spam
1321,5,2,45.21673275018585,243,20,0,0,0,DE,spam
681,14,4,30.402661029914125,212,10,0,15,0,CO,spam
693,11,1,24.27167641593751,132,4,1,5,0,RU,spam
1652,10,3,6.964656334984531,200,25,0,13,0,DE,spam
1097,0,0,10.552784440521096,395,13,0,18,0,IN,ham
459,9,4,28.924650290572355,205,28,1,5,1,BR,spam
601,11,3,18.476820427408736,270,17,0,0,1,RU,spam
1251,13,3,42.74777343969461,364,27,0,22,1,US,spam
629,14,1,9.68817976011026,206,4,0,13,1,DE,ham
42,11,1,36.67434870548718,440,25,1,13,1,BR,spam
616,14,4,33.15531473046166,273,21,1,21,1,IN,spam
1609,14,4,45.7852023904085,414,11,0,2,0,CN,spam
677,10,1,19.410017650543733,410,14,0,6,1,BR,ham
1697,12,4,16.722329256526297,296,21,1,12,1,US,spam
1005,9,3,36.49538180694339,359,17,1,2,0,CO,spam
1673,4,0,9.125608733339064,244,25,1,10,0,US,spam
785,7,3,32.32412696446701,157,22,1,7,1,CO,spam
1099,5,3,48.063935364128476,499,7,0,19,1,IN,ham
1904,3,4,0.6067677544843941,101,24,0,0,1,US,ham
402,14,1,11.912084585229355,300,16,1,2,1,BR,spam
1808,4,2,4.332398655661828,136,15,0,4,1,CN,ham
578,7,0,48.422574724253494,425,16,1,15,0,CO,spam
1136,8,3,17.049870438605524,97,6,1,11,0,DE,spam
1845,7,0,31.49252282630379,479,8,0,12,1,IN,ham
139,1,2,7.692523191910344,148,29,1,9,0,RU,spam
1388,11,3,19.93532313772673,296,25,0,15,0,DE,spam
1104,8,3,19.806582716784614,212,20,0,17,0,DE,spam
996,6,3,19.691289008758666,213,9,1,10,1,BR,spam
1944,13,3,29.35190063642298,45,26,1,13,0,RU,spam
499,11,2,26.98547179326971,408,23,0,19,0,BR,spam
941,1,2,13.08318909005548,164,5,0,10,1,DE,ham
230,6,0,23.92071767100077,367,16,0,20,1,US,ham
1858,7,0,10.871641655627384,248,2,1,4,1,CN,ham
34,5,1,26.49785130164463,129,19,0,14,1,US,ham
1410,10,1,28.850772933801196,448,28,1,23,1,BR,spam
1190,1,4,15.137802373612935,490,23,1,18,1,CO,spam
312,6,3,32.48840913742796,220,5,0,10,0,RU,spam
860,3,2,1.6214785119499087,223,27,0,13,1,CN,ham
1478,7,1,48.013046214111895,240,17,0,1,0,US,spam
107,1,1,41.825723926016124,24,6,0,0,1,BR,ham
236,3,3,4.289944888839148,362,22,1,14,1,BR,spam
1848,4,2,45.69414878938611,350,26,1,19,0,RU,spam
1100,13,0,23.986319902750374,269,4,0,18,0,CO,ham
579,6,0,2.244247213426193,428,25,1,7,1,US,spam
1136,8,2,47.440287278264,215,28,1,19,1,IN,spam
1833,6,4,1.503325532213401,287,12,1,8,1,DE,spam
1127,14,2,1.1822215001339342,444,3,0,19,1,CO,ham
910,5,1,16.81305981748386,449,14,1,16,0,DE,spam
1658,0,4,38.17566858901042,344,20,0,1,0,US,spam
1721,6,4,6.8075958878075715,311,0,1,11,1,CN,spam
1906,4,3,10.749644157764838,420,29,0,10,0,CN,spam
403,14,4,2.706227040023257,227,3,0,2,0,CO,spam
1538,0,3,24.024025166485135,469,26,1,0,1,CO,spam
1184,14,2,19.52861559246753,224,9,1,23,0,IN,spam
881,14,4,0.6589458402467052,285,23,1,18,0,CO,spam
1305,1,1,15.041750878445637,43,28,1,4,1,CN,ham
890,3,0,22.787773269563477,378,24,1,21,1,US,ham
323,10,4,21.063150912514782,268,0,0,5,0,RU,spam
471,11,3,13.194412246150595,9,13,1,8,0,RU,spam
1008,9,1,42.79389065690188,183,18,1,18,0,US,spam
300,5,0,26.678647546448953,482,5,0,11,1,BR,ham
974,0,0,32.52992721236741,119,6,1,9,1,DE,ham
906,5,4,30.612233787790593,80,29,1,0,0,BR,spam
864,0,1,8.266963860349092,280,11,1,11,1,IN,ham
1586,4,2,21.787412093955695,393,6,1,10,1,US,ham
710,7,2,6.097917446897289,247,20,0,20,0,DE,spam
225,12,2,26.71099147788202,481,0,1,17,0,CO,spam
1874,13,3,18.4761914801076,366,4,0,23,0,DE,spam
178,9,2,44.51960000610319,247,18,1,4,1,IN,spam
1696,10,3,4.325305573722183,318,3,1,11,1,RU,spam
303,13,4,17.482122032672198,348,28,1,1,0,US,spam
876,10,3,15.267396201972716,324,17,0,12,1,CN,spam
1427,14,4,32.4806498726594,69,25,0,13,1,RU,spam
749,5,1,40.10878471174284,350,27,1,14,0,BR,spam
1408,14,4,36.07593237119083,125,29,1,2,0,BR,spam
1890,0,3,32.976248984423606,63,14,1,0,0,BR,spam
951,7,0,26.064411626212845,175,2,1,22,1,BR,ham
872,7,0,3.163395951380993,284,7,1,18,1,CO,ham
1023,12,4,43.32187690926846,296,4,1,12,1,DE,spam
1946,11,3,47.68526716028326,257,1,0,22,1,US,spam
1430,12,1,0.9546150096524042,422,3,0,8,1,RU,ham
912,1,1,12.99680721908017,62,27,0,14,1,IN,ham
1417,12,2,42.386644368477086,254,10,1,3,1,CN,spam
496,2,2,49.6627968310606,318,9,0,8,1,DE,ham
450,2,3,41.707003078586865,99,9,1,13,0,US,spam
635,4,1,7.718198389428049,433,13,1,18,1,DE,ham
1772,1,4,30.30063965491542,287,27,0,1,0,DE,spam
1109,10,2,12.111796810472297,201,21,1,18,0,US,spam
1681,1,3,4.980178704930166,252,19,1,3,0,IN,spam
710,13,1,27.0699467777784,421,10,1,11,1,RU,ham
1433,11,3,18.58252132178688,411,8,0,0,0,DE,spam
399,7,4,11.001272012259639,318,10,1,19,1,RU,spam
1343,1,3,9.872848493989666,166,0,0,1,1,BR,ham
1692,14,0,47.44272325921878,473,14,0,23,0,BR,spam
1420,6,2,27.946184453628064,131,2,0,23,1,CO,ham
1619,14,4,24.93859179184625,58,0,0,3,0,CN,spam
711,0,4,5.06381287312268,232,5,1,18,1,IN,ham
1349,10,1,7.54185032474135,192,15,0,21,1,RU,ham
1841,0,3,8.651027702684171,304,7,1,15,0,CO,spam
971,9,2,23.509377459599552,56,26,0,17,1,DE,ham
954,5,2,16.69108861192402,112,20,0,15,0,US,ham
341,13,3,36.61381938302612,136,23,1,0,0,DE,spam
973,8,1,42.03906455323178,454,25,0,9,1,BR,spam
354,9,1,18.812103238062594,321,17,0,22,1,DE,ham
90,6,2,49.15699301092008,73,28,0,17,1,DE,spam
1257,11,2,7.341273777155238,483,18,1,4,1,CO,spam
1119,10,3,28.465737716690487,92,9,1,14,1,US,spam
1115,11,0,40.54086323181959,159,9,1,7,1,RU,spam
867,2,1,24.235947271062386,308,2,1,8,1,IN,ham
364,12,4,8.677623386601818,12,24,0,23,0,IN,spam
1641,2,2,32.9856600750229,255,23,0,15,1,CO,ham
540,0,1,33.83727977114019,135,24,0,19,0,BR,spam
803,6,0,40.16027796142682,130,8,0,15,1,DE,ham
1584,1,3,28.741804801052815,381,4,1,1,0,DE,spam
1224,8,3,40.84590142206132,427,8,1,5,1,IN,spam
479,3,1,2.806886726311031,54,12,0,22,1,BR,ham
823,13,0,35.5068771099176,353,26,1,17,0,IN,spam
1230,2,0,49.34392124463257,417,5,0,4,1,DE,ham
1765,10,4,28.349025615717398,444,19,0,21,0,RU,spam
387,2,1,20.652012961676935,452,21,1,23,0,BR,spam
1283,12,4,22.353293183689736,53,19,0,20,1,DE,spam
264,13,4,12.222166799386686,314,20,1,13,0,CO,spam
1035,4,2,26.015131088525145,70,18,0,8,1,RU,ham
393,12,3,5.5343764398335775,254,25,0,16,1,CO,spam
1785,3,2,18.32071264300936,437,26,0,18,1,CN,ham
22,2,3,32.7388094886563,31,23,0,19,0,RU,spam
1506,0,0,15.831270531305497,370,2,1,22,1,CO,ham
1013,12,0,32.29139301701136,57,8,0,10,1,CO,ham
760,11,0,38.81196752382567,286,28,1,11,1,DE,spam
1208,7,2,44.35123700253832,75,3,1,1,1,CO,spam
1488,11,3,48.07201698250526,95,26,1,23,0,US,spam
1563,10,4,35.90206820777056,218,23,0,2,0,CO,spam
715,12,0,36.028837852947476,391,23,0,13,0,RU,spam
1908,0,4,35.723337102137315,276,5,0,16,0,DE,spam
1158,8,3,40.68078813356843,16,16,1,1,1,CN,spam
766,13,1,21.605221238211925,122,3,1,19,1,IN,ham
653,1,1,36.85248350323575,154,6,0,13,0,CN,ham
748,6,4,20.619034833219246,353,6,1,6,0,IN,spam
692,10,3,29.663761302034324,303,8,1,23,1,US,spam
1076,9,4,36.54155697762112,387,6,0,3,0,IN,spam
1759,4,1,29.61543594155923,85,2,0,12,0,BR,ham
763,1,3,5.083828815730479,13,23,1,16,0,BR,spam
1047,0,3,8.861277457927457,34,19,1,0,0,IN,spam
512,9,1,28.524866394454047,36,21,1,16,1,US,spam
1302,8,2,16.398896206972275,34,2,0,18,0,US,ham
976,5,1,17.937549355891868,423,28,1,11,0,BR,spam
1952,13,2,22.997359239444613,129,12,1,10,0,IN,spam
1591,9,2,10.065156636527488,136,24,1,23,0,BR,spam
917,8,4,13.490551659162575,409,4,1,7,0,IN,spam
1933,7,0,24.946273191464748,330,7,0,20,0,IN,ham
231,6,3,22.471973156888286,356,19,1,12,0,US,spam
120,9,2,18.747913035526604,226,20,0,22,1,DE,ham
885,0,2,5.133686281169547,147,8,1,3,0,CN,ham
902,2,1,45.578730114410924,353,0,1,4,0,BR,spam
387,3,1,17.815543331910476,343,29,1,20,0,US,spam
1384,4,2,6.2493462418621135,95,19,0,2,0,IN,ham
1329,2,4,37.9266877091727,203,16,1,8,0,BR,spam
91,12,0,29.167428536770707,454,12,1,17,0,RU,spam
433,8,1,24.573045943792366,429,4,1,19,1,CN,ham
497,8,4,49.156115403354725,393,20,0,19,1,BR,spam
1308,6,0,23.90502987639802,275,0,0,14,1,BR,ham
1349,11,1,36.16221175179379,165,17,0,5,1,IN,spam
558,5,3,16.660857093174826,193,11,0,13,0,IN,spam
1186,6,3,45.33289817079689,76,29,1,17,0,BR,spam
404,1,4,18.366398601820894,371,6,0,20,0,CO,ham
204,3,0,0.9448439243121665,228,13,0,21,0,US,ham
948,12,3,38.83398877135586,441,26,1,2,0,CO,spam
1629,1,4,44.805394067606045,92,11,0,22,1,IN,spam
411,13,0,2.6123989456997676,109,0,1,5,1,RU,ham
725,12,0,47.61360558912987,373,21,0,19,1,DE,spam
1573,8,2,48.938723461118045,275,9,0,23,0,US,spam
1416,12,0,5.4762894892907426,359,17,1,22,1,BR,spam
1445,6,1,39.48053658505465,14,8,0,9,1,DE,ham
458,1,3,33.43005299012343,478,15,0,13,0,BR,spam
720,9,2,19.781202284402887,482,10,0,20,0,DE,ham
708,2,2,23.210280676996113,163,1,0,0,1,DE,ham
166,4,3,25.29622554565551,42,11,0,14,0,BR,spam
1041,8,4,35.41668442982157,319,18,0,11,0,CO,spam
1115,9,1,9.046291334228446,88,26,0,10,0,CN,spam
1124,2,4,17.490711831675092,144,15,1,22,0,CN,spam
194,14,0,2.5241506503628552,283,3,1,13,0,CO,spam
1037,6,2,2.370054753140549,29,13,1,12,0,BR,spam
1083,6,4,40.52764570547833,29,7,1,22,0,DE,spam
368,9,2,42.840943198786235,364,5,1,3,0,DE,spam
608,1,4,15.252428052146549,286,8,1,2,0,BR,spam
1045,5,2,33.748114883998404,456,3,1,13,1,CO,ham
487,14,1,39.44841067246905,265,16,0,6,0,RU,spam
913,10,2,15.568066100799093,268,27,0,14,1,BR,ham
91,12,1,47.58636414325043,44,5,0,22,0,US,spam
363,8,4,21.925845563981245,217,0,1,14,0,IN,spam
1288,2,4,27.38785377216245,17,10,1,11,0,RU,spam
1851,7,3,36.514854992546006,427,17,1,15,0,RU,spam
1339,11,2,41.37074298880215,433,13,1,0,1,CO,spam
498,11,0,31.722967965113174,385,9,1,7,1,IN,spam
1582,14,4,39.99584208075866,387,23,0,22,1,DE,spam
1873,12,3,6.9868366925017416,21,20,0,20,0,US,spam
1179,9,0,13.872670042554875,138,19,1,13,1,BR,spam
1864,6,2,14.939732652807724,400,14,1,15,1,CO,spam
30,7,0,38.910554096075,38,10,1,16,1,BR,spam
1427,0,4,13.141972848022293,150,10,0,11,1,IN,ham
1780,11,3,38.80888505267045,265,21,1,22,0,US,spam
1028,0,3,14.840520415445136,169,20,0,6,0,BR,spam
1710,3,2,44.78978517596201,207,3,1,15,1,RU,ham
587,13,3,29.282912694002857,488,28,0,13,0,BR,spam
1504,11,3,46.5513453004752,118,20,0,3,0,IN,spam
508,11,1,14.113677398170932,143,9,1,10,0,BR,spam
1052,13,3,31.803392991095535,112,28,0,11,1,IN,spam
1230,3,1,11.290754281232473,297,15,0,8,1,CO,ham
1209,1,3,1.89865637573145,259,2,1,13,0,CO,spam
1496,5,2,13.6053537947808,366,13,1,19,0,IN,spam
763,5,2,35.00029376788898,59,17,0,1,1,RU,ham
324,4,4,18.253770655094826,91,9,1,16,1,DE,ham
585,3,4,36.11287425374355,61,17,0,13,0,IN,spam
1621,13,0,22.799950666754683,5,7,1,17,1,BR,ham
283,10,3,28.646646025409172,441,8,0,15,0,BR,spam
72,6,3,47.88300550975506,22,11,1,1,0,US,spam
1458,3,0,36.067956816519946,416,28,0,1,0,RU,spam
540,11,1,21.19954605784031,13,0,0,1,1,RU,ham
1277,7,2,2.5346170620441146,93,19,0,1,1,DE,ham
1249,10,0,11.275778212636334,196,4,0,18,1,IN,ham
660,9,3,8.892740895957802,275,26,1,14,1,BR,spam
1239,3,3,27.086761329912594,237,25,0,11,0,RU,spam
1586,12,3,37.58697166246726,134,28,0,11,1,DE,spam
780,9,1,3.876537282475012,474,22,0,4,1,IN,ham
266,0,2,42.553840674350596,429,5,0,11,0,RU,ham
510,1,1,33.444186582664805,348,2,0,16,0,BR,ham
1464,14,2,27.130208971339602,77,7,1,10,1,US,ham
1764,5,2,39.042413615591116,286,3,0,9,0,DE,ham
1911,11,4,44.38955734230356,452,11,0,17,1,BR,spam
1332,6,1,1.6519526246123961,202,12,0,8,0,IN,spam
1211,4,3,30.453153824461648,206,28,1,4,0,US,spam
812,6,4,49.8118884412548,493,17,1,5,0,IN,spam
318,5,3,24.896082507692167,228,20,0,23,0,CN,spam
661,11,4,27.362826417824483,130,27,1,23,1,IN,spam
476,4,0,2.1236884779454455,109,8,0,8,1,CN,ham
28,0,2,34.94202174579708,348,9,1,12,1,IN,ham
858,4,0,39.10572954948201,292,11,1,2,0,RU,spam
555,12,1,23.701536231534753,44,12,0,19,0,RU,spam
458,8,3,43.449534354588685,378,13,1,9,1,US,spam
843,13,0,34.101836208883206,315,15,0,17,1,IN,spam
1649,8,0,37.406409620063734,355,25,0,6,0,CO,spam
460,5,0,17.41987710600112,372,24,0,17,0,US,ham
688,14,3,3.244184280630946,403,6,0,17,0,IN,spam
576,13,0,39.456137839809976,190,11,0,4,1,CO,spam
434,3,4,4.265016654368886,485,24,0,19,1,RU,ham
1997,1,3,42.75780848553612,120,8,0,5,1,CN,ham
589,4,3,45.588961779601895,378,1,1,6,0,US,spam
1210,6,1,31.225551258598983,425,5,0,13,0,CO,spam
1487,14,0,38.41922527525975,255,20,1,6,0,CN,spam
1841,10,4,25.258726537795418,52,21,1,20,0,DE,spam
1771,14,4,42.97110919119197,368,25,0,13,1,US,spam
756,13,1,24.99234899470902,235,18,0,0,1,CN,ham
702,8,2,42.053597947865484,254,23,0,3,1,DE,spam
1248,3,4,27.354583915726767,190,28,0,1,0,CO,spam
1236,7,3,20.909515473698615,221,8,1,18,0,DE,spam
1518,13,3,38.718406208818,480,12,1,2,0,US,spam
703,3,2,37.51901008533921,35,15,1,21,0,BR,spam
1964,3,0,0.23507422144364853,167,2,1,3,0,DE,ham
1715,3,1,8.469639008001357,414,14,1,17,1,IN,ham
416,11,3,49.88993995559523,234,26,1,8,0,RU,spam
1204,2,0,5.377013144940884,412,23,0,10,0,CO,ham
1375,12,4,36.150953183330444,440,11,0,15,1,CO,spam
652,3,3,6.881720400933733,125,11,0,3,1,DE,ham
916,2,4,34.773301029914954,417,0,0,6,1,CN,ham
108,1,3,26.89464464797091,388,27,1,18,1,CN,spam
315,13,3,26.113074538777013,495,4,1,8,0,CO,spam
891,11,0,45.32547528372572,499,15,1,20,1,DE,spam
408,9,0,27.936700121335583,374,7,0,14,1,BR,ham
216,1,2,0.40432473781306655,485,24,1,4,0,CO,spam
1629,10,3,5.146595897139294,123,1,0,21,1,IN,ham
1035,14,1,21.276828899772905,275,17,1,16,0,CO,spam
1982,3,3,23.33015436308839,51,18,0,21,1,DE,ham
740,8,4,9.32080605699327,23,0,0,21,0,RU,spam
777,4,2,36.267370968732195,72,12,1,20,0,IN,spam
1754,7,3,39.04345954998051,250,24,1,12,1,CO,spam
609,3,4,5.276435392021295,390,23,1,9,1,US,spam
1321,11,0,31.03890731926994,244,9,0,15,1,DE,ham
1654,14,1,14.358696036550555,73,7,0,22,0,BR,ham
1957,3,3,13.161539749865431,168,11,0,7,0,US,spam
699,5,3,33.632417488865876,116,13,0,23,0,US,spam
1602,10,4,8.79994116905568,173,15,0,2,0,DE,spam
1673,4,3,39.135587797697376,453,19,0,19,1,DE,spam
304,13,3,34.08100293107529,336,10,1,6,1,RU,spam
256,9,1,41.04358617960593,248,8,1,2,1,CO,spam
1775,8,3,33.52246411568114,128,26,1,23,1,CN,spam
1507,5,4,12.376776251170746,402,12,0,8,0,CO,spam
844,8,1,46.46362771182145,444,0,0,15,1,RU,ham
113,3,1,7.020827954207448,169,27,0,4,0,DE,ham
299,5,0,29.618069881079233,164,5,1,11,0,RU,ham
1631,3,3,7.382538728498133,81,13,0,3,0,IN,spam
87,5,4,1.577442751549446,484,17,1,9,0,CO,spam
792,6,0,32.514623521225424,235,17,0,20,1,BR,spam
566,10,4,24.445032735175932,230,20,1,13,1,CO,spam
27,8,1,9.596037609420899,402,21,1,2,1,BR,spam
1159,5,0,11.957974508578056,442,6,1,3,1,CO,ham
348,9,3,48.940238362392634,335,28,1,15,0,RU,spam
640,10,1,9.494332881086077,340,7,1,23,0,CN,spam
880,0,1,40.91486910581501,428,19,0,7,1,IN,ham
1593,1,3,41.12412149693443,423,18,0,16,0,RU,spam
1916,6,3,5.771387826935764,288,2,1,17,0,DE,spam
41,0,0,22.254857278216633,392,24,0,4,0,US,ham
1188,8,4,32.74925007102151,349,13,0,16,0,CN,spam
1099,6,4,1.54606099705491,413,19,1,8,0,CN,spam
1051,2,0,39.7625927253389,330,6,1,15,0,IN,spam
157,2,0,22.983004024651244,115,10,1,11,1,BR,ham
1895,0,4,31.64879360924552,348,1,1,17,1,CO,spam
825,4,4,44.448976691705504,362,14,1,17,0,BR,spam
42,2,1,13.821035614182769,392,9,0,21,0,BR,ham
1106,6,0,4.271220655815677,308,19,0,3,1,RU,ham
1669,1,0,10.549279772214055,255,23,1,4,1,CN,ham
533,3,4,22.537232537386448,304,5,0,3,1,CO,ham
1145,14,0,3.85728315765107,478,14,1,23,0,US,spam
337,9,0,18.6706819609854,12,25,1,3,1,BR,spam
1660,7,1,11.609425397312206,300,28,1,16,1,US,spam
885,6,4,9.03614995523691,47,6,1,14,1,US,spam
217,6,0,0.38450280404341286,349,26,0,12,0,IN,spam
997,11,4,4.945788053349675,269,21,1,2,0,US,spam
1595,11,1,20.043213267191817,414,15,0,14,1,RU,ham
574,9,1,8.46583147284078,190,11,1,20,0,RU,spam
1277,5,3,11.644178391611698,494,23,1,12,0,RU,spam
141,9,4,48.16539523915566,312,4,1,20,1,BR,spam
1595,2,1,14.579064432323063,237,9,0,12,1,IN,ham
569,0,0,31.91071485561676,302,15,0,16,1,CN,ham
509,0,0,2.1830417557662796,227,1,1,9,1,IN,ham
1802,2,0,11.51171593063599,201,0,0,15,1,DE,ham
1849,12,3,16.83519143039921,168,26,1,11,1,DE,spam
1289,11,4,29.527259182655957,261,24,1,1,0,RU,spam
1194,2,0,0.5102735804519198,394,5,0,21,0,US,ham
819,9,1,29.694436654559603,239,29,1,0,1,US,spam
388,13,1,17.479298414104683,180,12,1,2,0,US,spam
1459,3,3,37.189074260763235,115,8,1,5,1,CO,spam
1831,10,4,45.720479566230225,51,6,0,16,1,RU,spam
1809,2,1,47.0916035618605,193,21,1,21,0,US,spam
170,6,4,42.567921724730745,298,22,1,16,0,US,spam
653,13,3,10.455297728336866,358,1,0,7,1,DE,ham
294,2,2,7.766547326638279,321,12,1,12,0,CO,spam
527,7,3,9.534172370005573,168,0,0,13,1,US,ham
1348,10,0,33.845835642829734,378,29,0,14,1,IN,spam
168,13,4,18.31396008335315,40,2,1,22,0,US,spam
1041,13,2,19.919659807112417,431,7,1,11,1,CN,ham
976,1,3,44.987063845302465,332,27,0,13,0,CN,spam
1429,11,4,38.204768441898636,198,0,1,22,0,BR,spam
248,4,3,0.9593808968971107,79,11,0,3,0,US,spam
992,12,1,24.96439692741166,296,6,1,6,0,CN,spam
325,2,0,4.342439139026599,418,22,0,0,0,DE,ham
1216,3,2,13.169796180087268,170,23,1,2,1,US,ham
664,7,2,30.504843990208524,74,9,1,2,1,RU,spam
1969,2,0,13.893138562492735,44,23,0,9,1,US,ham
261,6,1,41.964969675179,146,23,0,22,0,CN,spam
1820,12,2,38.41069324408342,361,28,1,19,1,CO,spam
357,2,2,0.6849274124209048,404,17,1,14,1,BR,ham
1904,3,4,17.872406214296504,210,6,1,9,1,RU,ham
1720,13,3,42.97859519279069,180,22,0,4,0,CN,spam
830,11,3,9.309426329493526,171,26,1,0,1,BR,spam
1364,1,3,34.41586191742852,84,8,0,0,1,IN,ham
1043,6,4,32.638831398448595,285,21,0,16,1,US,spam
67,5,1,40.49185175412364,235,0,0,4,1,DE,ham
1332,10,1,37.37399221484015,18,24,0,2,0,IN,spam
606,2,1,36.076854671259156,497,3,1,6,0,IN,spam
710,3,0,16.334031026715568,215,6,1,13,0,CO,ham
1750,10,4,41.349899168843926,84,15,1,8,0,US,spam
1696,10,4,4.13418209057948,268,7,1,0,0,DE,spam
1736,5,2,42.36514601761532,402,8,0,0,0,CO,ham
962,2,1,24.83180694587067,186,10,0,0,1,BR,ham
23,1,4,27.902048080593282,346,23,0,11,1,CN,ham
812,12,3,12.730457776791432,398,13,0,6,0,IN,spam
24,11,2,25.249948259314113,481,14,1,16,1,BR,spam
798,12,3,20.440773782976983,320,22,0,0,0,CN,spam
899,7,1,17.175875251540518,243,5,0,17,1,RU,ham
1898,6,4,20.694247747719146,128,26,1,7,1,DE,spam
409,11,3,13.102859275896506,53,26,0,22,0,RU,spam
235,0,3,38.77820716321863,446,22,0,2,0,CO,spam
289,0,0,9.082635645892367,344,13,0,15,1,RU,ham
51,13,0,10.225550966520046,429,21,1,21,1,IN,spam
1265,10,0,9.625981379946296,92,17,1,15,1,RU,spam
75,8,2,2.831368454293559,148,6,0,10,1,BR,ham
735,5,3,19.406647894916805,119,11,1,14,0,CN,spam
1769,8,2,32.28523900600984,93,0,0,11,0,RU,spam
1935,13,4,41.7113352501779,30,16,0,0,0,CO,spam
1962,0,4,7.568738724269797,134,21,0,16,1,IN,ham
631,3,0,24.275232601250213,407,4,1,19,0,US,ham
493,13,0,47.28201292079968,285,12,0,7,1,CO,spam
580,12,0,46.163273100874314,129,4,0,16,1,CN,ham
1739,9,0,18.94776172859759,273,28,0,3,0,BR,spam
1473,11,4,10.33930895241381,483,27,0,4,0,CO,spam
1915,9,3,16.44397298932909,207,5,1,6,0,CO,spam
517,6,3,23.452542498123226,30,16,1,17,1,BR,spam
399,9,3,3.6396834737407846,30,13,1,23,1,CN,spam
980,3,2,16.425956587628438,333,14,0,10,1,CO,ham
1896,2,3,49.97914958563503,353,8,1,18,1,IN,spam
1196,9,3,30.440070034036655,406,2,1,9,0,BR,spam
513,13,3,19.639741049055885,70,15,1,0,0,IN,spam
1925,0,2,22.62989662178744,318,16,1,2,0,CN,spam
713,11,0,47.63051392499519,147,21,0,10,1,RU,spam
1263,8,1,43.78186419251179,374,8,1,12,0,BR,spam
176,2,0,10.237589354217851,325,3,0,8,0,DE,ham
540,10,0,5.8525669721384785,126,2,0,15,0,CO,ham
1335,9,1,21.66552141143735,123,1,1,14,0,BR,spam
1874,12,4,10.152374287016276,173,22,0,2,1,BR,spam
1913,6,1,0.1737044845711022,70,29,0,3,1,DE,ham
1464,1,1,25.022276913915515,236,18,0,0,1,US,ham
902,7,1,26.67902952208621,53,8,1,6,1,DE,ham
1678,4,0,23.152102478715054,293,26,1,16,0,CN,spam
1297,9,1,48.7848550002929,51,7,0,14,0,CO,spam
1301,7,0,46.9388048832877,324,12,0,1,1,IN,spam
1844,8,0,30.489919558020095,168,26,0,3,1,RU,spam
651,2,4,4.471119933129314,408,2,0,1,0,IN,ham
1747,2,2,22.84784658863666,472,13,1,2,1,DE,ham
1104,8,4,33.51901921915151,295,28,0,11,0,BR,spam
1132,14,0,33.85129898775366,242,26,1,8,1,CN,spam
1020,9,2,25.208111122425624,476,22,0,12,1,CO,ham
1980,13,0,14.572476943548624,290,26,1,5,1,CO,spam
632,1,1,42.21580178606909,6,12,1,3,1,CO,spam
1009,1,3,29.615026193428644,33,10,1,2,1,IN,ham
241,1,0,19.529453451613538,101,28,0,23,1,CO,ham
1057,1,2,3.5082987825523606,432,1,1,19,1,CO,ham
1234,0,4,18.655721396732915,375,5,0,21,0,CN,ham
734,0,4,44.4254622130914,199,8,1,7,0,CO,spam
299,12,3,46.16811571445975,105,4,1,8,0,CN,spam
181,3,4,47.90604428889151,88,4,1,18,0,DE,spam
213,10,3,10.692898424301672,284,19,0,16,1,DE,spam
1270,0,2,34.85836940014949,362,23,1,3,1,CN,spam
917,7,0,34.930031339619504,93,5,1,20,0,RU,spam
1074,13,0,40.57904119992181,416,8,0,9,1,DE,ham
1465,3,1,0.2783834986092859,203,12,1,19,1,CO,ham
883,2,0,7.749577999817575,116,1,1,22,0,CO,ham
1125,5,1,2.256823142099351,211,9,0,15,1,BR,ham
612,0,1,39.852692335117744,20,28,0,0,0,CO,spam
184,12,4,13.34573580765957,20,20,1,18,0,US,spam
1075,3,2,41.603129099242345,118,6,0,17,0,DE,ham
464,4,0,30.349122887423352,497,7,1,10,0,RU,spam
995,12,1,14.197226294044118,192,10,1,9,0,RU,spam
443,8,4,9.145203359672893,55,8,0,21,1,IN,ham
1353,10,4,17.7897489650995,399,2,1,22,0,IN,spam
1742,14,3,38.7228639286464,442,3,0,17,1,CO,spam
304,14,2,0.6536568475407567,458,21,1,5,1,IN,spam
1598,2,0,10.402486474020412,435,19,1,17,1,CO,ham
1825,1,4,30.900960480143837,166,22,0,3,0,BR,spam
402,2,3,40.442612057930006,138,28,1,3,0,CO,spam
1606,11,1,45.308303226459174,234,19,0,8,0,BR,spam
661,2,0,44.39330740365468,347,6,0,12,1,BR,ham
1256,2,3,2.7459553353360477,253,3,1,12,0,CO,spam
1162,9,1,22.653931926546438,480,13,0,14,1,US,ham
917,4,2,22.460836471265004,200,17,0,15,1,BR,ham
93,12,2,27.66896293747148,368,15,1,4,0,US,spam
995,5,1,22.453813783386202,354,0,0,2,0,DE,ham
1970,13,2,41.381312971313974,262,22,0,2,0,CO,spam
942,11,3,25.698794663807277,92,26,1,5,0,BR,spam
774,14,4,8.603992421485485,28,25,0,22,1,BR,spam
1066,14,0,42.41849186515025,493,1,0,22,1,BR,ham
1690,9,2,3.2893251291342906,194,28,1,2,0,CN,spam
1627,8,3,35.499844340748574,11,4,1,2,0,BR,spam
1544,9,3,48.62263393325614,474,8,1,1,0,DE,spam
173,0,0,5.416068222399506,70,23,0,4,1,RU,ham
1363,1,2,20.235639083738523,294,15,1,11,1,CO,ham
1833,10,4,43.13044659448554,249,15,0,13,0,DE,spam
840,3,0,9.41224758927381,240,18,1,13,1,DE,ham
943,11,2,2.940173787834693,336,11,0,23,0,IN,spam
88,8,0,12.787921360936949,333,29,1,20,0,US,spam
1391,7,1,4.125887903306319,44,12,1,19,1,IN,spam
1169,4,0,6.384319706025971,491,12,1,15,1,BR,ham
1111,11,2,6.870679017945768,440,8,0,6,1,CO,ham
1117,9,4,37.90127331245543,363,6,0,3,0,CN,spam
759,6,1,14.916455822649777,13,13,1,21,0,RU,spam
1512,1,0,13.448221385037694,436,7,0,16,0,RU,ham
1184,0,1,25.13492728786803,437,27,0,3,1,RU,ham
1957,11,3,1.074268636910869,282,8,0,0,0,BR,spam
1732,11,0,34.93971770071321,319,0,1,14,0,CN,spam
152,11,4,30.32594041086325,494,23,1,7,0,RU,spam
1449,12,4,25.777823174641362,40,11,0,16,0,BR,spam
884,10,4,0.7549282516978562,46,15,0,1,1,IN,spam
1164,8,4,7.700974758194068,191,19,0,11,1,CO,spam
1004,14,2,30.954923978049504,415,13,1,12,0,BR,spam
1052,9,2,9.694283194420722,146,12,0,22,1,CO,ham
420,13,4,9.651999333479555,397,28,0,0,1,DE,spam
527,6,3,24.35269416480375,452,10,1,11,0,RU,spam
369,9,3,27.406215313137427,177,20,0,9,0,US,spam
1766,11,1,46.94167052593078,94,14,0,13,0,US,spam
370,2,2,41.87628646401098,196,2,1,20,1,IN,ham
452,4,0,42.14370224302525,461,6,0,2,0,IN,ham
242,5,0,10.444360306194984,23,16,1,21,1,BR,ham
1027,8,0,17.8038412764879,397,22,1,1,1,CO,spam
1798,9,3,22.511619834672718,106,12,0,8,0,US,spam
883,6,3,49.003765040006044,330,23,0,15,1,CO,spam
321,3,1,5.543205171840842,439,0,1,4,1,CO,ham
421,3,0,41.00922582923411,391,26,0,19,1,CN,ham
461,9,4,4.440845130592424,127,17,0,4,0,BR,spam
718,12,0,37.91816141124318,205,6,1,0,0,CO,spam
118,12,2,21.23085237993972,193,13,0,12,1,DE,ham
930,0,0,42.46383153650818,336,0,1,6,1,US,ham
894,7,4,29.439512080722945,491,23,0,22,1,CN,spam
1456,14,0,24.44015786159967,290,24,0,11,1,RU,ham
1990,7,4,11.568493053131368,207,7,0,12,0,DE,spam
1571,12,2,36.80035186947719,36,23,0,12,0,DE,spam
1893,13,0,28.068475553691634,497,11,0,18,0,CO,spam
1899,0,3,38.58386044212364,480,0,0,0,0,CO,spam
1910,12,2,13.817766900600725,177,9,0,11,1,CO,ham
1503,3,3,6.111608138586233,381,21,0,5,0,DE,spam
1920,6,4,1.306079633398688,91,8,1,7,1,CN,spam
331,14,2,18.315628281031042,429,9,1,15,1,CO,ham
1507,3,2,10.84012746397921,180,1,1,22,1,DE,ham
1817,11,4,29.20607498025209,182,18,1,18,1,CO,spam
853,1,4,47.99057162312087,352,15,1,12,0,RU,spam
1213,6,1,9.551301718594162,220,6,0,16,1,BR,ham
1273,3,3,39.91621171424774,331,15,0,11,1,BR,spam
259,9,2,29.31260020712826,245,7,0,16,0,BR,ham
1641,9,4,19.527866007399787,217,10,1,16,0,CO,spam
176,7,3,11.102644364930065,142,27,1,18,1,US,spam
792,4,2,38.44547141725883,261,26,1,15,1,US,spam
524,14,1,39.74452436159141,53,4,0,14,1,DE,ham
1159,14,1,2.2764170260987706,380,9,0,14,0,RU,ham
645,5,3,4.034744278774344,412,26,1,1,0,DE,spam
441,4,4,35.7577211086565,330,23,0,9,1,US,spam
673,13,2,28.17897225738083,463,15,1,14,0,CN,spam
1738,9,4,22.3212050686885,104,7,1,4,0,CN,spam
758,7,1,42.15729508626451,491,16,0,7,1,DE,spam
1585,13,4,18.378016064100542,379,5,1,22,0,BR,spam
528,11,3,0.275003825887038,286,12,1,12,1,DE,spam
1846,5,3,26.15011206725752,106,25,1,12,1,IN,spam
897,13,2,48.026157097055524,476,1,0,7,1,CO,ham
435,5,1,17.68753650831317,453,10,1,17,0,US,ham
1939,8,0,41.10016781559877,150,29,0,3,1,CN,spam
1338,5,0,3.717127020124039,276,2,0,4,1,CN,ham
1570,3,0,22.963356815538972,364,14,0,3,1,CN,ham
49,7,0,14.3409063140648,327,16,1,14,0,DE,spam
971,9,2,48.55572164727473,356,10,0,20,1,CN,ham
1560,8,1,18.8221663825981,432,19,0,10,1,CN,ham
860,11,0,0.26111720522884463,271,12,1,13,0,RU,spam
324,3,0,19.877599791397145,51,17,0,15,1,US,ham
1258,5,3,19.798362286711342,331,2,0,12,0,BR,ham
1883,7,1,32.09847900132759,114,1,1,14,0,IN,spam
1370,14,4,49.439054223956305,138,18,0,0,1,RU,spam
1077,10,0,29.172618494362695,311,6,1,11,1,CO,ham
231,13,3,43.80642577576543,369,13,0,21,1,RU,spam
1978,13,4,6.098271644770242,442,26,1,12,0,CN,spam
269,2,2,40.91352129658571,200,23,1,5,0,US,spam
1874,13,3,38.08714922374681,345,11,1,20,0,US,spam
1766,10,4,14.263341671342722,55,10,0,23,1,RU,ham
1266,6,2,19.476671118696732,253,1,1,5,0,CN,spam
1182,10,1,38.69830599358345,310,5,0,10,1,DE,ham
1745,13,2,40.716324657390246,266,5,1,10,0,BR,spam
60,9,2,28.18144481975942,497,18,0,18,0,BR,spam
531,3,4,29.454291418955066,108,2,1,3,0,CN,spam
47,9,1,29.111971511615703,25,18,0,18,0,CN,spam
1307,4,3,3.0929309422769666,97,29,1,1,0,CO,spam
212,8,4,1.4991240929897232,334,21,1,17,0,DE,spam
1627,3,0,28.00169376517368,301,6,1,20,1,US,ham
316,6,4,35.78693355869835,119,1,0,23,1,IN,spam
995,11,4,7.1401466981090564,5,16,0,18,0,US,spam
609,3,1,43.66370571565428,461,22,1,8,0,RU,spam
523,0,2,2.471317732792444,144,3,0,6,0,IN,ham
1148,2,3,4.571859062259725,140,2,0,12,1,RU,ham
120,10,3,25.355304719631754,456,19,0,13,1,IN,spam
257,9,3,40.93838741050356,366,19,0,5,1,US,spam
1875,5,1,30.630009232845147,156,29,1,19,0,CO,spam
1976,5,1,14.831021263089122,196,20,0,16,1,BR,ham
331,7,0,26.057561978777365,48,6,1,3,1,BR,ham
1014,11,0,48.84591890491289,452,18,0,23,0,IN,spam
1456,5,3,15.522067921938426,432,29,1,20,1,RU,spam
1362,4,0,41.42921862113356,142,7,1,0,1,CO,ham
853,6,0,9.795998434113312,342,21,0,15,1,BR,ham
1502,4,3,44.86977863624729,399,20,0,2,0,CO,spam
995,3,3,25.24377237634558,329,2,1,1,1,US,ham
125,10,1,25.18932902476225,432,2,0,18,0,CN,ham
1740,14,2,12.024208240117057,410,11,0,11,0,CN,spam
963,3,2,6.013411731553775,363,14,0,8,1,CN,ham
1613,2,0,23.41505644927483,247,3,0,13,1,US,ham
1743,0,0,43.58667154383637,316,26,0,11,1,IN,ham
1780,0,0,3.8254866696006253,266,21,1,3,0,US,spam
221,5,1,1.8251994870529753,241,18,0,13,0,CO,ham
188,11,0,6.700291996834817,368,18,0,0,0,BR,spam
198,6,0,24.699939703252248,15,21,0,11,1,IN,ham
1681,5,4,20.038599063608643,377,19,0,5,0,BR,spam
1269,8,1,14.148488237788237,216,29,1,7,1,BR,spam
1834,9,0,28.30071359188634,290,4,1,1,0,US,spam
1466,10,2,19.60318255349909,349,27,0,16,0,RU,spam
1482,7,1,25.712978854790496,73,0,0,17,1,CN,ham
1653,3,1,21.3020037778046,291,4,1,0,0,BR,ham
1006,2,2,27.25415067375097,196,11,0,12,0,CO,ham
291,11,4,27.79787558495729,46,1,0,15,0,US,spam
1017,6,0,26.84652206263154,386,15,0,19,1,BR,ham
947,4,4,5.750073345961127,403,6,0,12,0,CO,ham
420,5,2,19.642904820361707,54,22,1,21,0,CN,spam
81,5,1,44.87026444642734,378,21,0,11,1,BR,ham
53,2,0,3.2311745343298393,31,19,0,16,0,RU,ham
596,4,2,38.867368916434266,72,24,0,17,0,CN,spam
308,8,2,42.08899847327607,118,19,0,23,1,RU,spam
1339,0,1,21.782906970444397,125,20,0,16,1,DE,ham
1656,1,0,12.318603689825853,475,14,1,2,1,CO,ham
466,13,3,1.400016943063892,370,3,1,19,0,CN,spam
502,12,0,35.428424772922305,288,12,0,17,1,US,spam
63,13,0,25.082572627260504,197,18,1,14,0,BR,spam
908,7,1,4.854151320423456,259,2,0,16,1,RU,ham
42,6,3,22.636473316956895,488,20,1,14,0,US,spam
1701,11,0,35.50357022285965,157,3,1,19,1,US,spam
709,1,1,3.072934960438195,391,25,1,2,0,CO,spam
25,5,2,24.427743828741168,135,29,0,4,0,CN,ham
1662,3,3,28.676509488937622,66,1,1,17,0,CN,spam
1015,10,2,31.16243928249846,303,9,0,22,0,BR,spam
985,4,3,5.85624140861648,421,11,0,2,1,IN,ham
1084,5,0,20.43768728792475,29,0,1,23,0,US,ham
747,8,3,12.599224155491456,32,15,1,2,0,IN,spam
1235,13,1,3.6216192785910764,211,14,0,13,0,BR,spam
1520,9,0,14.699621766638831,64,16,0,14,0,US,spam
1119,14,2,8.1249168545454,285,6,1,11,1,RU,ham
492,1,2,35.629985117063455,141,29,0,5,0,US,spam
1699,1,0,26.00026618478723,364,28,1,19,1,RU,ham
832,0,2,16.70216725961175,348,4,1,21,1,RU,ham
663,3,2,14.639172477688211,32,11,0,21,0,CN,ham
1623,6,3,16.719558339716816,424,20,0,22,1,RU,spam
1079,8,3,9.473507945178334,48,5,0,12,1,US,ham
821,3,2,45.71590548375181,16,26,1,18,1,CO,spam
246,14,3,45.1051827074044,42,27,1,21,1,DE,spam
1137,14,0,27.70070303592216,343,4,0,2,1,IN,ham
1270,2,3,11.154614237249394,287,6,1,9,0,CN,spam
1030,5,3,32.56444297649838,58,1,0,7,0,CO,spam
1148,2,4,41.728982015214214,241,19,1,1,1,DE,spam
1219,6,2,23.70795182590489,207,24,1,3,0,DE,spam
1671,10,4,11.542883358263028,231,12,0,20,1,CO,spam
1602,9,1,46.2363221732022,345,13,1,20,0,BR,spam
1738,13,4,32.97188469300396,88,29,1,16,0,US,spam
1005,4,2,19.484066136361406,323,6,0,3,1,RU,ham
1233,0,4,18.560370573609596,101,1,0,7,1,DE,ham
1298,6,0,40.39183276048283,315,5,1,9,0,US,spam
1386,11,1,9.306884497994055,68,1,1,23,1,BR,ham
128,3,1,6.474416866484544,183,21,0,22,0,US,ham
205,11,4,20.608411579319718,194,25,0,5,0,RU,spam
237,7,3,29.646538199903276,118,9,0,23,1,CO,ham
90,5,0,25.224414706447824,424,15,0,13,0,US,ham
1357,4,2,19.751754732960762,187,15,0,20,0,CO,ham
950,0,0,28.435375472531373,5,20,0,10,0,DE,ham
193,3,4,42.051097366069676,133,28,0,8,0,DE,spam
907,11,1,44.96715132130264,294,16,0,10,0,CO,spam
1734,1,0,19.526052126245734,122,8,0,16,1,RU,ham
965,2,2,7.934024916329719,470,7,0,7,1,US,ham
961,13,2,6.73081059411722,27,1,0,9,0,CO,ham
1461,9,1,22.535064064287326,265,2,0,20,1,IN,ham
1996,9,3,42.404045782662315,124,4,1,20,1,US,spam
1013,5,0,28.216583721234922,353,7,0,13,1,DE,ham
1714,3,2,47.69091035228457,243,6,1,12,1,BR,ham
1149,10,0,38.09860628883376,44,26,1,14,0,DE,spam
1758,4,2,18.01920650237006,122,1,0,19,1,US,ham
1718,14,1,14.56412901870871,254,17,0,12,0,RU,spam
454,7,4,15.932927092820565,250,3,1,13,0,CN,spam
74,13,4,19.93189882542618,401,15,1,13,1,CO,spam
1832,0,2,3.8774039506910163,76,6,0,14,0,CO,ham
1130,13,4,17.82527261434167,204,28,0,14,0,RU,spam
131,9,0,19.876507318536053,351,7,0,16,1,BR,ham
1906,10,4,49.65049593257565,11,4,1,23,1,DE,spam
584,10,3,38.92481023568945,409,9,1,10,1,DE,spam
69,4,2,7.88103553062462,30,13,1,18,1,DE,ham
254,11,0,10.749004932626905,144,18,1,0,1,RU,spam
1003,0,2,39.66176621030397,229,11,1,13,0,US,spam
1074,1,4,27.296614777483917,11,17,1,4,1,US,spam
665,4,2,38.844105181059525,417,22,1,9,1,CO,spam
44,5,3,20.403659618983415,120,12,0,19,1,CO,ham
1965,6,1,27.72376791128139,476,17,1,16,1,CO,spam
644,1,3,28.751372403782476,73,2,0,15,0,RU,ham
313,11,2,30.58906213114981,153,10,0,11,1,DE,ham
851,8,2,38.41949560604322,191,26,0,4,0,CO,spam
1926,2,4,26.650899577681752,144,2,1,18,1,RU,ham
733,2,2,33.08423682715248,179,17,0,23,1,DE,ham
1914,12,4,36.60187513647332,343,4,1,2,1,IN,spam
140,4,4,11.952236392742405,439,0,0,7,1,RU,ham
565,14,3,13.420660282393182,221,10,0,1,0,US,spam
932,13,3,15.482180304788319,37,22,0,21,1,IN,spam
56,8,3,14.406122671649873,168,3,1,7,1,CN,spam
1216,13,0,23.137953269369604,303,20,1,6,0,BR,spam
32,14,4,48.937495248126574,486,28,0,17,1,US,spam
789,8,2,19.42942881635721,288,7,0,18,1,BR,ham
1211,0,2,40.72188252935944,153,3,0,17,0,CN,ham
920,0,1,29.867278042566266,30,15,1,23,0,IN,spam
1030,7,2,32.59669693139989,211,9,1,1,0,IN,spam
1153,13,4,14.44781546511344,88,22,0,5,1,DE,spam
1510,2,2,30.249562992766748,102,27,1,10,1,CN,spam
1215,13,1,38.338985127821466,99,9,1,11,1,RU,spam
620,7,3,19.957221001908554,399,19,0,23,1,IN,spam
1703,7,3,12.209524687542988,79,12,0,14,0,BR,spam
1080,2,1,32.015133525966874,483,1,1,7,0,CN,spam
1287,5,3,11.144275795049307,238,8,0,12,0,IN,ham
911,7,4,40.534307513902434,280,1,1,11,0,CO,spam
315,14,0,47.969169594409834,274,7,1,15,1,BR,spam
1162,6,1,30.652638479614296,362,0,1,8,1,DE,spam
1787,14,2,8.649690623848915,355,14,0,3,0,US,spam
149,8,4,5.97954203950612,85,4,1,11,1,RU,spam
291,6,1,15.239120679386964,283,4,1,10,1,BR,ham
1240,13,4,42.64142118821605,103,3,0,18,1,RU,spam
48,8,2,33.88131481237982,28,6,0,23,0,CO,spam
485,6,2,10.107985344037546,33,15,1,13,0,IN,spam
1985,9,2,32.64866698620285,163,5,0,13,0,CN,spam
1087,4,1,5.289692311031057,164,10,0,14,1,BR,ham
393,14,1,1.799392030739777,182,3,1,14,0,DE,spam
1855,8,0,5.139146530272626,8,25,0,19,1,RU,ham
1724,12,0,39.8433091320757,481,8,1,14,0,IN,spam
876,10,4,11.006928353181976,248,3,1,7,0,RU,spam
1701,11,3,23.99594937214664,273,25,1,16,0,BR,spam
952,10,4,0.43694739778760705,130,12,0,2,1,DE,spam
395,13,4,49.09217356142958,393,11,0,15,0,CN,spam
1668,13,0,48.1661740709448,18,8,0,13,0,BR,spam
864,12,4,3.210084140320124,146,27,1,15,1,US,spam
1987,8,0,16.459197642392287,456,24,1,0,0,CO,spam
956,7,2,43.21107435448591,319,25,0,6,1,CN,spam
1387,4,2,31.93530716755016,237,1,0,23,1,CN,ham
580,8,0,6.8170198966098,43,15,0,11,0,US,spam
233,13,3,47.11606293740399,145,28,0,17,1,RU,spam
155,9,3,38.70070733431757,33,6,0,14,0,BR,spam
802,6,0,16.154446171326377,422,1,0,6,1,CO,ham
141,8,3,42.36603955001628,243,20,0,8,1,IN,spam
443,3,4,11.293828834111746,133,0,0,15,0,CN,ham
1501,7,0,28.347152937601084,8,26,0,4,0,DE,spam
1785,4,0,38.38647193793664,275,11,1,23,0,CN,spam
802,8,3,39.41061311149129,446,0,1,5,1,US,spam
1873,6,1,0.3874986489656951,5,28,0,5,0,IN,spam
296,2,4,10.71713549783031,264,7,1,7,0,IN,spam
1024,7,0,35.92583569265047,360,23,1,16,1,DE,spam
1384,7,0,23.134307035481495,411,16,0,16,0,DE,spam
409,6,0,40.52333680771305,68,15,0,1,0,BR,spam
147,6,2,39.48676232631716,228,1,0,2,1,CN,ham
783,13,2,41.36522704484053,42,21,1,23,1,DE,spam
453,6,0,31.916557131011587,456,16,1,21,1,US,spam
455,3,0,10.207401620647383,446,16,0,3,0,DE,ham
418,11,1,16.892687958405766,430,2,0,8,0,US,ham
208,2,0,14.728945499285729,67,22,1,12,1,IN,ham
995,3,1,2.981515869279694,135,21,1,6,1,BR,ham
1319,11,4,11.78248947109931,253,24,0,13,0,RU,spam
1731,7,4,42.20143331192947,127,1,1,10,1,IN,spam
247,0,2,2.9006767250818575,155,4,0,17,1,RU,ham
161,7,4,14.333380147522934,334,17,1,19,1,CO,spam
1059,5,3,33.86414341489864,308,24,1,6,0,IN,spam
1553,2,1,36.697458797015365,202,1,0,22,1,CN,ham
1147,14,2,5.834954153424466,231,6,1,18,1,RU,ham
1932,5,3,3.107055697028965,83,8,1,15,1,CN,ham
648,9,3,43.578703504276085,316,12,1,22,0,DE,spam
1182,11,2,16.271397445153678,194,3,0,7,1,RU,ham
521,7,0,4.29437231620442,229,18,1,22,1,US,spam
1401,3,2,16.643662695151285,21,9,1,6,0,CO,ham
1555,13,4,14.348248290678194,461,0,1,4,1,BR,spam
1045,4,1,4.245649069376306,395,2,1,18,0,DE,ham
737,12,0,46.261444767813494,101,17,0,20,1,RU,spam
584,11,0,3.1275501361183675,497,29,0,20,1,CN,ham
251,7,2,49.57216938307987,245,26,1,9,1,CN,spam
303,12,0,39.74539134253492,57,15,1,17,0,BR,spam
